Category|Adult
Arts & Photography |No
Biographies & Memoirs |No
Business & Money |No
Calendars |No
Children's Books |Yes
Christian Books & Bibles |Yes
Comics & Graphic Novels |No
Computers & Technology |No
Cookbooks, Food & Wine |No
Crafts, Hobbies & Home |No
Education & Teaching |No
Engineering & Transportation |No
Gay & Lesbian |Yes
Health, Fitness & Dieting |No
History |No
Humor & Entertainment |No
Law |No
Literature & Fiction |No
Medical Books |No
Mystery, Thriller & Suspense |No
Parenting & Relationships |No
Politics & Social Sciences |No
Reference |No
Religion & Spirituality |No
Romance |No
Science & Math |No
Science Fiction & Fantasy |No
Self-Help |No
Sports & Outdoors |No
Teen & Young Adult |No
Test Preparation |No
Travel |No
Erotica|yes
